<?xml version="1.0" encoding="UTF-8"?>

<beans xmlns="http://www.springframework.org/schema/beans"
	xmlns:xsi="http://www.w3.org/2001/XMLSchema-instance" xmlns:aop="http://www.springframework.org/schema/aop"
	xsi:schemaLocation="http://www.springframework.org/schema/aop http://www.springframework.org/schema/aop/spring-aop.xsd
		http://www.springframework.org/schema/beans http://www.springframework.org/schema/beans/spring-beans.xsd">

	<beans profile="jpa">
		<bean id="dataSource"
			class="org.springframework.jdbc.datasource.DriverManagerDataSource">
			<property name="driverClassName" value="org.apache.derby.jdbc.ClientDriver" />
			<property name="url" value="jdbc:derby://localhost:1527/JavaTunesDB" />
			<property name="username" value="guest" />
			<property name="password" value="password" />
		</bean>


		<bean id="javatunesEmf"
			class="org.springframework.orm.jpa.LocalContainerEntityManagerFactoryBean">
			<property name="dataSource" ref="dataSource" />
			<property name="packagesToScan" value="com.javatunes" />
			<property name="jpaVendorAdapter">
				<bean class="org.springframework.orm.jpa.vendor.HibernateJpaVendorAdapter">
					<property name="showSql" value="true" />
					<property name="generateDdl" value="false" />
					<property name="databasePlatform" value="org.hibernate.dialect.DerbyTenSixDialect" />
				</bean>
			</property>
		</bean>
	</beans>
</beans>