<?xml version="1.0" encoding="UTF-8"?>

<beans xmlns="http://www.springframework.org/schema/beans"
	xmlns:xsi="http://www.w3.org/2001/XMLSchema-instance" xmlns:tx="http://www.springframework.org/schema/tx"
	xmlns:aop="http://www.springframework.org/schema/aop"
	xsi:schemaLocation="http://www.springframework.org/schema/aop http://www.springframework.org/schema/aop/spring-aop.xsd
		http://www.springframework.org/schema/beans http://www.springframework.org/schema/beans/spring-beans.xsd
		http://www.springframework.org/schema/tx http://www.springframework.org/schema/tx/spring-tx.xsd">

 	<beans profile="jpa">
		<bean id="transactionManager" class="org.springframework.orm.jpa.JpaTransactionManager">
			<property name="entityManagerFactory" ref="javatunesEmf" />
		</bean>
	
		<tx:annotation-driven/>
		
		<tx:advice id="serviceAdvice" transaction-manager="transactionManager">
			<tx:attributes>
				<tx:method name="persistBatch" propagation="REQUIRED" />
				<tx:method name="persist" propagation="REQUIRES_NEW" />
				<tx:method name="find*" propagation="REQUIRED" read-only="true" />
				<tx:method name="size" propagation="NEVER" />
			</tx:attributes>
		</tx:advice>
	
	
		<aop:config>
			<aop:pointcut id="serviceOperations" expression="@within(com.javatunes.service.ServiceTX)" />
	
			<aop:advisor pointcut-ref="serviceOperations" advice-ref="serviceAdvice" />
		</aop:config>
	</beans>
	
</beans>