<?xml version="1.0" encoding="UTF-8"?>

<beans:beans xmlns="http://www.springframework.org/schema/batch"
     xmlns:beans="http://www.springframework.org/schema/beans"
     xmlns:xsi="http://www.w3.org/2001/XMLSchema-instance"
     xsi:schemaLocation="
           http://www.springframework.org/schema/beans
           http://www.springframework.org/schema/beans/spring-beans.xsd
           http://www.springframework.org/schema/batch
           http://www.springframework.org/schema/batch/spring-batch.xsd">


    <beans:bean id="transactionManager" class="org.springframework.batch.support.transaction.ResourcelessTransactionManager"/>

    <beans:bean id="jobRepository" class="org.springframework.batch.core.repository.support.MapJobRepositoryFactoryBean">
        <beans:property name="transactionManager" ref="transactionManager"/>
    </beans:bean>

    <beans:bean id="jobLauncher" class="org.springframework.batch.core.launch.support.SimpleJobLauncher">
        <beans:property name="jobRepository" ref="jobRepository"/>
    </beans:bean>

	<beans:bean id="reader" class="com.javatunes.batch.SimpleReader"/>
	<beans:bean id="writer" class="com.javatunes.batch.SimpleWriter"/>
	<beans:bean id="processor" class="com.javatunes.batch.SimpleProcessor"/>


    <!-- job-repository can be omitted, as we're using the default  -->
    <!-- Uncomment this job, and comment out the section below for single step job -->
<!-- 
    <job id="myItemJob"  job-repository="jobRepository">  
        <step id="step1">
            <tasklet>
                <chunk reader="reader" writer="writer" processor="processor" commit-interval="2" />
            </tasklet>
        </step>
    </job>
 -->    

 	<!-- Multi-step job section -->
    
	    <beans:bean id="anotherProcessor" class="com.javatunes.batch.AnotherProcessor"/>    

        <step id="upcase">
            <tasklet>
                <chunk reader="reader" writer="writer" processor="processor" commit-interval="2" />
            </tasklet>
        </step>    
    
        <step id="downCaseFirstName">
            <tasklet>
                <chunk reader="reader" writer="writer" processor="anotherProcessor" commit-interval="2" />
            </tasklet>
        </step> 
        
       <job id="myItemJob"  job-repository="jobRepository">
         <step id="step1" parent="upcase" next="step2"/>
         <step id="step2" parent="downCaseFirstName"/>
      </job>
      <!--  End of multi-step job section -->
     
</beans:beans>
